{
  "coefficients": [
    0.845844608965418,
    0.7955065305202944,
    0.9353948940209391,
    0.3035534623038033,
    0.0006479793702645412
  ],
  "intercept": 0.13902266691610748,
  "feature_names": [
    "营业时长_WOE",
    "竞争指数_WOE",
    "人气指数_WOE",
    "经营年限_WOE",
    "外卖_WOE"
  ],
  "scorecard_params": {
    "pdo": 50,
    "base_score": 600,
    "base_odds": 0.05,
    "factor": 72.13475204444818,
    "offset": 373.87522964908055,
    "n_features": 5
  }
}